timesteps,ep_rew_mean,ep_len_mean
51,-8.1,50.0
52,-8.1,50.0
53,-8.1,50.0
54,-8.1,50.0
55,-8.1,50.0
56,-8.1,50.0
57,-8.1,50.0
58,-8.1,50.0
59,-8.1,50.0
60,-8.1,50.0
61,-8.1,50.0
62,-8.1,50.0
63,-8.1,50.0
64,-8.1,50.0
65,-8.1,50.0
66,-8.1,50.0
67,-8.1,50.0
68,-8.1,50.0
69,-8.1,50.0
70,-8.1,50.0
71,-8.1,50.0
72,-8.1,50.0
73,-8.1,50.0
74,-8.1,50.0
75,-8.1,50.0
76,-8.1,50.0
77,-8.1,50.0
78,-8.1,50.0
79,-8.1,50.0
80,-8.1,50.0
81,-8.1,50.0
82,-8.1,50.0
83,-8.1,50.0
84,-8.1,50.0
85,-8.1,50.0
86,-8.1,50.0
87,-8.1,50.0
88,-8.1,50.0
89,-8.1,50.0
90,-8.1,50.0
91,-8.1,50.0
92,-8.1,50.0
93,-8.1,50.0
94,-8.1,50.0
95,-8.1,50.0
96,-8.1,50.0
97,-8.1,50.0
98,-8.1,50.0
99,-8.1,50.0
100,-8.1,50.0
101,-7.5,50.0
102,-7.5,50.0
103,-7.5,50.0
104,-7.5,50.0
105,-7.5,50.0
106,-7.5,50.0
107,-7.5,50.0
108,-7.5,50.0
109,-7.5,50.0
110,-7.5,50.0
111,-7.5,50.0
112,-7.5,50.0
113,-7.5,50.0
114,-7.5,50.0
115,-7.5,50.0
116,-7.5,50.0
117,-7.5,50.0
118,-7.5,50.0
119,-7.5,50.0
120,-7.5,50.0
121,-7.5,50.0
122,-7.5,50.0
123,-7.5,50.0
124,-7.5,50.0
125,-7.5,50.0
126,-7.5,50.0
127,-7.5,50.0
128,-7.5,50.0
129,-7.5,50.0
130,-7.5,50.0
131,-7.5,50.0
132,-7.5,50.0
133,-7.5,50.0
134,-7.5,50.0
135,-7.5,50.0
136,-7.5,50.0
137,-7.5,50.0
138,-7.5,50.0
139,-7.5,50.0
140,-7.5,50.0
141,-7.5,50.0
142,-7.5,50.0
143,-7.5,50.0
144,-7.5,50.0
145,-7.5,50.0
146,-7.5,50.0
147,-7.5,50.0
148,-7.5,50.0
149,-7.5,50.0
150,-7.5,50.0
151,-7.5,50.0
152,-7.5,50.0
153,-7.5,50.0
154,-7.5,50.0
155,-7.5,50.0
156,-7.5,50.0
157,-7.5,50.0
158,-7.5,50.0
159,-7.5,50.0
160,-7.5,50.0
161,-7.5,50.0
162,-7.5,50.0
163,-7.5,50.0
164,-7.5,50.0
165,-7.5,50.0
166,-7.5,50.0
167,-7.5,50.0
168,-7.5,50.0
169,-7.5,50.0
170,-7.5,50.0
171,-7.5,50.0
172,-7.5,50.0
173,-7.5,50.0
174,-7.5,50.0
175,-7.5,50.0
176,-7.5,50.0
177,-7.5,50.0
178,-7.5,50.0
179,-7.5,50.0
180,-7.5,50.0
181,-7.5,50.0
182,-7.5,50.0
183,-7.5,50.0
184,-7.5,50.0
185,-7.5,50.0
186,-7.5,50.0
187,-7.5,50.0
188,-7.5,50.0
189,-7.5,50.0
190,-7.5,50.0
191,-7.5,50.0
192,-7.5,50.0
193,-7.5,50.0
194,-7.5,50.0
195,-7.5,50.0
196,-7.5,50.0
197,-7.5,50.0
198,-7.5,50.0
199,-7.5,50.0
200,-7.5,50.0
201,-7.65,50.0
202,-7.65,50.0
203,-7.65,50.0
204,-7.65,50.0
205,-7.65,50.0
206,-7.65,50.0
207,-7.65,50.0
208,-7.65,50.0
209,-7.65,50.0
210,-7.65,50.0
211,-7.65,50.0
212,-7.65,50.0
213,-7.65,50.0
214,-7.65,50.0
215,-7.65,50.0
216,-7.65,50.0
217,-7.65,50.0
218,-7.65,50.0
219,-7.65,50.0
220,-7.65,50.0
221,-7.65,50.0
222,-7.65,50.0
223,-7.65,50.0
224,-7.65,50.0
225,-7.65,50.0
226,-7.65,50.0
227,-7.65,50.0
228,-7.65,50.0
229,-7.65,50.0
230,-7.65,50.0
231,-7.65,50.0
232,-7.65,50.0
233,-7.65,50.0
234,-7.65,50.0
235,-7.65,50.0
236,-7.65,50.0
237,-7.65,50.0
238,-7.65,50.0
239,-7.65,50.0
240,-7.65,50.0
241,-7.65,50.0
242,-7.65,50.0
243,-7.65,50.0
244,-7.65,50.0
245,-7.65,50.0
246,-7.65,50.0
247,-7.65,50.0
248,-7.65,50.0
249,-7.65,50.0
250,-7.65,50.0
251,-7.74,50.0
252,-7.74,50.0
253,-7.74,50.0
254,-7.74,50.0
255,-7.74,50.0
256,-7.74,50.0
257,-7.74,50.0
258,-7.74,50.0
259,-7.74,50.0
260,-7.74,50.0
261,-7.74,50.0
262,-7.74,50.0
263,-7.74,50.0
264,-7.74,50.0
265,-7.74,50.0
266,-7.74,50.0
267,-7.74,50.0
268,-7.74,50.0
269,-7.74,50.0
270,-7.74,50.0
271,-7.74,50.0
272,-7.74,50.0
273,-7.74,50.0
274,-7.74,50.0
275,-7.74,50.0
276,-7.74,50.0
277,-7.74,50.0
278,-7.74,50.0
279,-7.74,50.0
280,-7.74,50.0
281,-7.74,50.0
282,-7.74,50.0
283,-7.74,50.0
284,-7.74,50.0
285,-7.74,50.0
286,-7.74,50.0
287,-7.74,50.0
288,-7.74,50.0
289,-7.74,50.0
290,-7.74,50.0
291,-7.74,50.0
292,-7.74,50.0
293,-7.74,50.0
294,-7.74,50.0
295,-7.74,50.0
296,-7.74,50.0
297,-7.74,50.0
298,-7.74,50.0
299,-7.74,50.0
300,-7.74,50.0
301,-7.800000000000001,50.0
302,-7.800000000000001,50.0
303,-7.800000000000001,50.0
304,-7.800000000000001,50.0
305,-7.800000000000001,50.0
306,-7.800000000000001,50.0
307,-7.800000000000001,50.0
308,-7.800000000000001,50.0
309,-7.800000000000001,50.0
310,-7.800000000000001,50.0
311,-7.800000000000001,50.0
312,-7.800000000000001,50.0
313,-7.800000000000001,50.0
314,-7.800000000000001,50.0
315,-7.800000000000001,50.0
316,-7.800000000000001,50.0
317,-7.800000000000001,50.0
318,-7.800000000000001,50.0
319,-7.800000000000001,50.0
320,-7.800000000000001,50.0
321,-7.800000000000001,50.0
322,-7.800000000000001,50.0
323,-7.800000000000001,50.0
324,-7.800000000000001,50.0
325,-7.800000000000001,50.0
326,-7.800000000000001,50.0
327,-7.800000000000001,50.0
328,-7.800000000000001,50.0
329,-7.800000000000001,50.0
330,-7.800000000000001,50.0
331,-7.800000000000001,50.0
332,-7.800000000000001,50.0
333,-7.800000000000001,50.0
334,-7.800000000000001,50.0
335,-7.800000000000001,50.0
336,-7.800000000000001,50.0
337,-7.800000000000001,50.0
338,-7.800000000000001,50.0
339,-7.800000000000001,50.0
340,-7.800000000000001,50.0
341,-7.800000000000001,50.0
342,-7.800000000000001,50.0
343,-7.800000000000001,50.0
344,-7.800000000000001,50.0
345,-7.800000000000001,50.0
346,-7.800000000000001,50.0
347,-7.800000000000001,50.0
348,-7.800000000000001,50.0
349,-7.800000000000001,50.0
350,-7.800000000000001,50.0
351,-7.500000000000001,50.0
352,-7.500000000000001,50.0
353,-7.500000000000001,50.0
354,-7.500000000000001,50.0
355,-7.500000000000001,50.0
356,-7.500000000000001,50.0
357,-7.500000000000001,50.0
358,-7.500000000000001,50.0
359,-7.500000000000001,50.0
360,-7.500000000000001,50.0
361,-7.500000000000001,50.0
362,-7.500000000000001,50.0
363,-7.500000000000001,50.0
364,-7.500000000000001,50.0
365,-7.500000000000001,50.0
366,-7.500000000000001,50.0
367,-7.500000000000001,50.0
368,-7.500000000000001,50.0
369,-7.500000000000001,50.0
370,-7.500000000000001,50.0
371,-7.500000000000001,50.0
372,-7.500000000000001,50.0
373,-7.500000000000001,50.0
374,-7.500000000000001,50.0
375,-7.500000000000001,50.0
376,-7.500000000000001,50.0
377,-7.500000000000001,50.0
378,-7.500000000000001,50.0
379,-7.500000000000001,50.0
380,-7.500000000000001,50.0
381,-7.500000000000001,50.0
382,-7.500000000000001,50.0
383,-7.500000000000001,50.0
384,-7.500000000000001,50.0
385,-7.500000000000001,50.0
386,-7.500000000000001,50.0
387,-7.500000000000001,50.0
388,-7.500000000000001,50.0
389,-7.500000000000001,50.0
390,-7.500000000000001,50.0
391,-7.500000000000001,50.0
392,-7.500000000000001,50.0
393,-7.500000000000001,50.0
394,-7.500000000000001,50.0
395,-7.500000000000001,50.0
396,-7.500000000000001,50.0
397,-7.500000000000001,50.0
398,-7.500000000000001,50.0
399,-7.500000000000001,50.0
400,-7.500000000000001,50.0
401,-7.65,50.0
402,-7.65,50.0
403,-7.65,50.0
404,-7.65,50.0
405,-7.65,50.0
406,-7.65,50.0
407,-7.65,50.0
408,-7.65,50.0
409,-7.65,50.0
410,-7.65,50.0
411,-7.65,50.0
412,-7.65,50.0
413,-7.65,50.0
414,-7.65,50.0
415,-7.65,50.0
416,-7.65,50.0
417,-7.65,50.0
418,-7.65,50.0
419,-7.65,50.0
420,-7.65,50.0
421,-7.65,50.0
422,-7.65,50.0
423,-7.65,50.0
424,-7.65,50.0
425,-7.65,50.0
426,-7.65,50.0
427,-7.65,50.0
428,-7.65,50.0
429,-7.65,50.0
430,-7.65,50.0
431,-7.65,50.0
432,-7.65,50.0
433,-7.65,50.0
434,-7.65,50.0
435,-7.65,50.0
436,-7.65,50.0
437,-7.65,50.0
438,-7.65,50.0
439,-7.65,50.0
440,-7.65,50.0
441,-7.65,50.0
442,-7.65,50.0
443,-7.65,50.0
444,-7.65,50.0
445,-7.65,50.0
446,-7.65,50.0
447,-7.65,50.0
448,-7.65,50.0
449,-7.65,50.0
450,-7.65,50.0
451,-7.633333333333334,50.0
452,-7.633333333333334,50.0
453,-7.633333333333334,50.0
454,-7.633333333333334,50.0
455,-7.633333333333334,50.0
456,-7.633333333333334,50.0
457,-7.633333333333334,50.0
458,-7.633333333333334,50.0
459,-7.633333333333334,50.0
460,-7.633333333333334,50.0
461,-7.633333333333334,50.0
462,-7.633333333333334,50.0
463,-7.633333333333334,50.0
464,-7.633333333333334,50.0
465,-7.633333333333334,50.0
466,-7.633333333333334,50.0
467,-7.633333333333334,50.0
468,-7.633333333333334,50.0
469,-7.633333333333334,50.0
470,-7.633333333333334,50.0
471,-7.633333333333334,50.0
472,-7.633333333333334,50.0
473,-7.633333333333334,50.0
474,-7.633333333333334,50.0
475,-7.633333333333334,50.0
476,-7.633333333333334,50.0
477,-7.633333333333334,50.0
478,-7.633333333333334,50.0
479,-7.633333333333334,50.0
480,-7.633333333333334,50.0
481,-7.633333333333334,50.0
482,-7.633333333333334,50.0
483,-7.633333333333334,50.0
484,-7.633333333333334,50.0
485,-7.633333333333334,50.0
486,-7.633333333333334,50.0
487,-7.633333333333334,50.0
488,-7.633333333333334,50.0
489,-7.633333333333334,50.0
490,-7.633333333333334,50.0
491,-7.633333333333334,50.0
492,-7.633333333333334,50.0
493,-7.633333333333334,50.0
494,-7.633333333333334,50.0
495,-7.633333333333334,50.0
496,-7.633333333333334,50.0
497,-7.633333333333334,50.0
498,-7.633333333333334,50.0
499,-7.633333333333334,50.0
500,-7.633333333333334,50.0
501,-7.5,50.0
502,-7.5,50.0
503,-7.5,50.0
504,-7.5,50.0
505,-7.5,50.0
506,-7.5,50.0
507,-7.5,50.0
508,-7.5,50.0
509,-7.5,50.0
510,-7.5,50.0
511,-7.5,50.0
512,-7.5,50.0
513,-7.5,50.0
514,-7.5,50.0
515,-7.5,50.0
516,-7.5,50.0
517,-7.5,50.0
518,-7.5,50.0
519,-7.5,50.0
520,-7.5,50.0
521,-7.5,50.0
522,-7.5,50.0
523,-7.5,50.0
524,-7.5,50.0
525,-7.5,50.0
526,-7.5,50.0
527,-7.5,50.0
528,-7.5,50.0
529,-7.5,50.0
530,-7.5,50.0
531,-7.5,50.0
532,-7.5,50.0
533,-7.5,50.0
534,-7.5,50.0
535,-7.5,50.0
536,-7.5,50.0
537,-7.5,50.0
538,-7.5,50.0
539,-7.5,50.0
540,-7.5,50.0
541,-7.5,50.0
542,-7.5,50.0
543,-7.5,50.0
544,-7.5,50.0
545,-7.5,50.0
546,-7.5,50.0
547,-7.5,50.0
548,-7.5,50.0
549,-7.5,50.0
550,-7.5,50.0
551,-7.390909090909091,50.0
552,-7.390909090909091,50.0
553,-7.390909090909091,50.0
554,-7.390909090909091,50.0
555,-7.390909090909091,50.0
556,-7.390909090909091,50.0
557,-7.390909090909091,50.0
558,-7.390909090909091,50.0
559,-7.390909090909091,50.0
560,-7.390909090909091,50.0
561,-7.390909090909091,50.0
562,-7.390909090909091,50.0
563,-7.390909090909091,50.0
564,-7.390909090909091,50.0
565,-7.390909090909091,50.0
566,-7.390909090909091,50.0
567,-7.390909090909091,50.0
568,-7.390909090909091,50.0
569,-7.390909090909091,50.0
570,-7.390909090909091,50.0
571,-7.390909090909091,50.0
572,-7.390909090909091,50.0
573,-7.390909090909091,50.0
574,-7.390909090909091,50.0
575,-7.390909090909091,50.0
576,-7.390909090909091,50.0
577,-7.390909090909091,50.0
578,-7.390909090909091,50.0
579,-7.390909090909091,50.0
580,-7.390909090909091,50.0
581,-7.390909090909091,50.0
582,-7.390909090909091,50.0
583,-7.390909090909091,50.0
584,-7.390909090909091,50.0
585,-7.390909090909091,50.0
586,-7.390909090909091,50.0
587,-7.390909090909091,50.0
588,-7.390909090909091,50.0
589,-7.390909090909091,50.0
590,-7.390909090909091,50.0
591,-7.390909090909091,50.0
592,-7.390909090909091,50.0
593,-7.390909090909091,50.0
594,-7.390909090909091,50.0
595,-7.390909090909091,50.0
596,-7.390909090909091,50.0
597,-7.390909090909091,50.0
598,-7.390909090909091,50.0
599,-7.390909090909091,50.0
600,-7.390909090909091,50.0
601,-7.3999999999999995,50.0
602,-7.3999999999999995,50.0
603,-7.3999999999999995,50.0
604,-7.3999999999999995,50.0
605,-7.3999999999999995,50.0
606,-7.3999999999999995,50.0
607,-7.3999999999999995,50.0
608,-7.3999999999999995,50.0
609,-7.3999999999999995,50.0
610,-7.3999999999999995,50.0
611,-7.3999999999999995,50.0
612,-7.3999999999999995,50.0
613,-7.3999999999999995,50.0
614,-7.3999999999999995,50.0
615,-7.3999999999999995,50.0
616,-7.3999999999999995,50.0
617,-7.3999999999999995,50.0
618,-7.3999999999999995,50.0
619,-7.3999999999999995,50.0
620,-7.3999999999999995,50.0
621,-7.3999999999999995,50.0
622,-7.3999999999999995,50.0
623,-7.3999999999999995,50.0
624,-7.3999999999999995,50.0
625,-7.3999999999999995,50.0
626,-7.3999999999999995,50.0
627,-7.3999999999999995,50.0
628,-7.3999999999999995,50.0
629,-7.3999999999999995,50.0
630,-7.3999999999999995,50.0
631,-7.3999999999999995,50.0
632,-7.3999999999999995,50.0
633,-7.3999999999999995,50.0
634,-7.3999999999999995,50.0
635,-7.3999999999999995,50.0
636,-7.3999999999999995,50.0
637,-7.3999999999999995,50.0
638,-7.3999999999999995,50.0
639,-7.3999999999999995,50.0
640,-7.3999999999999995,50.0
641,-7.3999999999999995,50.0
642,-7.3999999999999995,50.0
643,-7.3999999999999995,50.0
644,-7.3999999999999995,50.0
645,-7.3999999999999995,50.0
646,-7.3999999999999995,50.0
647,-7.3999999999999995,50.0
648,-7.3999999999999995,50.0
649,-7.3999999999999995,50.0
650,-7.3999999999999995,50.0
651,-7.361538461538462,50.0
652,-7.361538461538462,50.0
653,-7.361538461538462,50.0
654,-7.361538461538462,50.0
655,-7.361538461538462,50.0
656,-7.361538461538462,50.0
657,-7.361538461538462,50.0
658,-7.361538461538462,50.0
659,-7.361538461538462,50.0
660,-7.361538461538462,50.0
661,-7.361538461538462,50.0
662,-7.361538461538462,50.0
663,-7.361538461538462,50.0
664,-7.361538461538462,50.0
665,-7.361538461538462,50.0
666,-7.361538461538462,50.0
667,-7.361538461538462,50.0
668,-7.361538461538462,50.0
669,-7.361538461538462,50.0
670,-7.361538461538462,50.0
671,-7.361538461538462,50.0
672,-7.361538461538462,50.0
673,-7.361538461538462,50.0
674,-7.361538461538462,50.0
675,-7.361538461538462,50.0
676,-7.361538461538462,50.0
677,-7.361538461538462,50.0
678,-7.361538461538462,50.0
679,-7.361538461538462,50.0
680,-7.361538461538462,50.0
681,-7.361538461538462,50.0
682,-7.361538461538462,50.0
683,-7.361538461538462,50.0
684,-7.361538461538462,50.0
685,-7.361538461538462,50.0
686,-7.361538461538462,50.0
687,-7.361538461538462,50.0
688,-7.361538461538462,50.0
689,-7.361538461538462,50.0
690,-7.361538461538462,50.0
691,-7.361538461538462,50.0
692,-7.361538461538462,50.0
693,-7.361538461538462,50.0
694,-7.361538461538462,50.0
695,-7.361538461538462,50.0
696,-7.361538461538462,50.0
697,-7.361538461538462,50.0
698,-7.361538461538462,50.0
699,-7.361538461538462,50.0
700,-7.361538461538462,50.0
701,-7.371428571428572,50.0
702,-7.371428571428572,50.0
703,-7.371428571428572,50.0
704,-7.371428571428572,50.0
705,-7.371428571428572,50.0
706,-7.371428571428572,50.0
707,-7.371428571428572,50.0
708,-7.371428571428572,50.0
709,-7.371428571428572,50.0
710,-7.371428571428572,50.0
711,-7.371428571428572,50.0
712,-7.371428571428572,50.0
713,-7.371428571428572,50.0
714,-7.371428571428572,50.0
715,-7.371428571428572,50.0
716,-7.371428571428572,50.0
717,-7.371428571428572,50.0
718,-7.371428571428572,50.0
719,-7.371428571428572,50.0
720,-7.371428571428572,50.0
721,-7.371428571428572,50.0
722,-7.371428571428572,50.0
723,-7.371428571428572,50.0
724,-7.371428571428572,50.0
725,-7.371428571428572,50.0
726,-7.371428571428572,50.0
727,-7.371428571428572,50.0
728,-7.371428571428572,50.0
729,-7.371428571428572,50.0
730,-7.371428571428572,50.0
731,-7.371428571428572,50.0
732,-7.371428571428572,50.0
733,-7.371428571428572,50.0
734,-7.371428571428572,50.0
735,-7.371428571428572,50.0
736,-7.371428571428572,50.0
737,-7.371428571428572,50.0
738,-7.371428571428572,50.0
739,-7.371428571428572,50.0
740,-7.371428571428572,50.0
741,-7.371428571428572,50.0
742,-7.371428571428572,50.0
743,-7.371428571428572,50.0
744,-7.371428571428572,50.0
745,-7.371428571428572,50.0
746,-7.371428571428572,50.0
747,-7.371428571428572,50.0
748,-7.371428571428572,50.0
749,-7.371428571428572,50.0
750,-7.371428571428572,50.0
751,-7.46,50.0
752,-7.46,50.0
753,-7.46,50.0
754,-7.46,50.0
755,-7.46,50.0
756,-7.46,50.0
757,-7.46,50.0
758,-7.46,50.0
759,-7.46,50.0
760,-7.46,50.0
761,-7.46,50.0
762,-7.46,50.0
763,-7.46,50.0
764,-7.46,50.0
765,-7.46,50.0
766,-7.46,50.0
767,-7.46,50.0
768,-7.46,50.0
769,-7.46,50.0
770,-7.46,50.0
771,-7.46,50.0
772,-7.46,50.0
773,-7.46,50.0
774,-7.46,50.0
775,-7.46,50.0
776,-7.46,50.0
777,-7.46,50.0
778,-7.46,50.0
779,-7.46,50.0
780,-7.46,50.0
781,-7.46,50.0
782,-7.46,50.0
783,-7.46,50.0
784,-7.46,50.0
785,-7.46,50.0
786,-7.46,50.0
787,-7.46,50.0
788,-7.46,50.0
789,-7.46,50.0
790,-7.46,50.0
791,-7.46,50.0
792,-7.46,50.0
793,-7.46,50.0
794,-7.46,50.0
795,-7.46,50.0
796,-7.46,50.0
797,-7.46,50.0
798,-7.46,50.0
799,-7.46,50.0
800,-7.46,50.0
801,-7.4625,50.0
802,-7.4625,50.0
803,-7.4625,50.0
804,-7.4625,50.0
805,-7.4625,50.0
806,-7.4625,50.0
807,-7.4625,50.0
808,-7.4625,50.0
809,-7.4625,50.0
810,-7.4625,50.0
811,-7.4625,50.0
812,-7.4625,50.0
813,-7.4625,50.0
814,-7.4625,50.0
815,-7.4625,50.0
816,-7.4625,50.0
817,-7.4625,50.0
818,-7.4625,50.0
819,-7.4625,50.0
820,-7.4625,50.0
821,-7.4625,50.0
822,-7.4625,50.0
823,-7.4625,50.0
824,-7.4625,50.0
825,-7.4625,50.0
826,-7.4625,50.0
827,-7.4625,50.0
828,-7.4625,50.0
829,-7.4625,50.0
830,-7.4625,50.0
831,-7.4625,50.0
832,-7.4625,50.0
833,-7.4625,50.0
834,-7.4625,50.0
835,-7.4625,50.0
836,-7.4625,50.0
837,-7.4625,50.0
838,-7.4625,50.0
839,-7.4625,50.0
840,-7.4625,50.0
841,-7.4625,50.0
842,-7.4625,50.0
843,-7.4625,50.0
844,-7.4625,50.0
845,-7.4625,50.0
846,-7.4625,50.0
847,-7.4625,50.0
848,-7.4625,50.0
849,-7.4625,50.0
850,-7.4625,50.0
851,-7.5,50.0
852,-7.5,50.0
853,-7.5,50.0
854,-7.5,50.0
855,-7.5,50.0
856,-7.5,50.0
857,-7.5,50.0
858,-7.5,50.0
859,-7.5,50.0
860,-7.5,50.0
861,-7.5,50.0
862,-7.5,50.0
863,-7.5,50.0
864,-7.5,50.0
865,-7.5,50.0
866,-7.5,50.0
867,-7.5,50.0
868,-7.5,50.0
869,-7.5,50.0
870,-7.5,50.0
871,-7.5,50.0
872,-7.5,50.0
873,-7.5,50.0
874,-7.5,50.0
875,-7.5,50.0
876,-7.5,50.0
877,-7.5,50.0
878,-7.5,50.0
879,-7.5,50.0
880,-7.5,50.0
881,-7.5,50.0
882,-7.5,50.0
883,-7.5,50.0
884,-7.5,50.0
885,-7.5,50.0
886,-7.5,50.0
887,-7.5,50.0
888,-7.5,50.0
889,-7.5,50.0
890,-7.5,50.0
891,-7.5,50.0
892,-7.5,50.0
893,-7.5,50.0
894,-7.5,50.0
895,-7.5,50.0
896,-7.5,50.0
897,-7.5,50.0
898,-7.5,50.0
899,-7.5,50.0
900,-7.5,50.0
901,-7.3999999999999995,50.0
902,-7.3999999999999995,50.0
903,-7.3999999999999995,50.0
904,-7.3999999999999995,50.0
905,-7.3999999999999995,50.0
906,-7.3999999999999995,50.0
907,-7.3999999999999995,50.0
908,-7.3999999999999995,50.0
909,-7.3999999999999995,50.0
910,-7.3999999999999995,50.0
911,-7.3999999999999995,50.0
912,-7.3999999999999995,50.0
913,-7.3999999999999995,50.0
914,-7.3999999999999995,50.0
915,-7.3999999999999995,50.0
916,-7.3999999999999995,50.0
917,-7.3999999999999995,50.0
918,-7.3999999999999995,50.0
919,-7.3999999999999995,50.0
920,-7.3999999999999995,50.0
921,-7.3999999999999995,50.0
922,-7.3999999999999995,50.0
923,-7.3999999999999995,50.0
924,-7.3999999999999995,50.0
925,-7.3999999999999995,50.0
926,-7.3999999999999995,50.0
927,-7.3999999999999995,50.0
928,-7.3999999999999995,50.0
929,-7.3999999999999995,50.0
930,-7.3999999999999995,50.0
931,-7.3999999999999995,50.0
932,-7.3999999999999995,50.0
933,-7.3999999999999995,50.0
934,-7.3999999999999995,50.0
935,-7.3999999999999995,50.0
936,-7.3999999999999995,50.0
937,-7.3999999999999995,50.0
938,-7.3999999999999995,50.0
939,-7.3999999999999995,50.0
940,-7.3999999999999995,50.0
941,-7.3999999999999995,50.0
942,-7.3999999999999995,50.0
943,-7.3999999999999995,50.0
944,-7.3999999999999995,50.0
945,-7.3999999999999995,50.0
946,-7.3999999999999995,50.0
947,-7.3999999999999995,50.0
948,-7.3999999999999995,50.0
949,-7.3999999999999995,50.0
950,-7.3999999999999995,50.0
951,-7.373684210526315,50.0
952,-7.373684210526315,50.0
953,-7.373684210526315,50.0
954,-7.373684210526315,50.0
955,-7.373684210526315,50.0
956,-7.373684210526315,50.0
957,-7.373684210526315,50.0
958,-7.373684210526315,50.0
959,-7.373684210526315,50.0
960,-7.373684210526315,50.0
961,-7.373684210526315,50.0
962,-7.373684210526315,50.0
963,-7.373684210526315,50.0
964,-7.373684210526315,50.0
965,-7.373684210526315,50.0
966,-7.373684210526315,50.0
967,-7.373684210526315,50.0
968,-7.373684210526315,50.0
969,-7.373684210526315,50.0
970,-7.373684210526315,50.0
971,-7.373684210526315,50.0
972,-7.373684210526315,50.0
973,-7.373684210526315,50.0
974,-7.373684210526315,50.0
975,-7.373684210526315,50.0
976,-7.373684210526315,50.0
977,-7.373684210526315,50.0
978,-7.373684210526315,50.0
979,-7.373684210526315,50.0
980,-7.373684210526315,50.0
981,-7.373684210526315,50.0
982,-7.373684210526315,50.0
983,-7.373684210526315,50.0
984,-7.373684210526315,50.0
985,-7.373684210526315,50.0
986,-7.373684210526315,50.0
987,-7.373684210526315,50.0
988,-7.373684210526315,50.0
989,-7.373684210526315,50.0
990,-7.373684210526315,50.0
991,-7.373684210526315,50.0
992,-7.373684210526315,50.0
993,-7.373684210526315,50.0
994,-7.373684210526315,50.0
995,-7.373684210526315,50.0
996,-7.373684210526315,50.0
997,-7.373684210526315,50.0
998,-7.373684210526315,50.0
999,-7.373684210526315,50.0
1000,-7.373684210526315,50.0
1001,-7.38,50.0
1002,-7.38,50.0
1003,-7.38,50.0
1004,-7.38,50.0
1005,-7.38,50.0
1006,-7.38,50.0
1007,-7.38,50.0
1008,-7.38,50.0
1009,-7.38,50.0
1010,-7.38,50.0
1011,-7.38,50.0
1012,-7.38,50.0
1013,-7.38,50.0
1014,-7.38,50.0
1015,-7.38,50.0
1016,-7.38,50.0
1017,-7.38,50.0
1018,-7.38,50.0
1019,-7.38,50.0
1020,-7.38,50.0
1021,-7.38,50.0
1022,-7.38,50.0
1023,-7.38,50.0
1024,-7.38,50.0
1025,-7.38,50.0
1026,-7.38,50.0
1027,-7.38,50.0
1028,-7.38,50.0
1029,-7.38,50.0
1030,-7.38,50.0
1031,-7.38,50.0
1032,-7.38,50.0
1033,-7.38,50.0
1034,-7.38,50.0
1035,-7.38,50.0
1036,-7.38,50.0
1037,-7.38,50.0
1038,-7.38,50.0
1039,-7.38,50.0
1040,-7.38,50.0
1041,-7.38,50.0
1042,-7.38,50.0
1043,-7.38,50.0
1044,-7.38,50.0
1045,-7.38,50.0
1046,-7.38,50.0
1047,-7.38,50.0
1048,-7.38,50.0
1049,-7.38,50.0
1050,-7.38,50.0
1051,-7.414285714285714,50.0
1052,-7.414285714285714,50.0
1053,-7.414285714285714,50.0
1054,-7.414285714285714,50.0
1055,-7.414285714285714,50.0
1056,-7.414285714285714,50.0
1057,-7.414285714285714,50.0
1058,-7.414285714285714,50.0
1059,-7.414285714285714,50.0
1060,-7.414285714285714,50.0
1061,-7.414285714285714,50.0
1062,-7.414285714285714,50.0
1063,-7.414285714285714,50.0
1064,-7.414285714285714,50.0
1065,-7.414285714285714,50.0
1066,-7.414285714285714,50.0
1067,-7.414285714285714,50.0
1068,-7.414285714285714,50.0
1069,-7.414285714285714,50.0
1070,-7.414285714285714,50.0
1071,-7.414285714285714,50.0
1072,-7.414285714285714,50.0
1073,-7.414285714285714,50.0
1074,-7.414285714285714,50.0
1075,-7.414285714285714,50.0
1076,-7.414285714285714,50.0
1077,-7.414285714285714,50.0
1078,-7.414285714285714,50.0
1079,-7.414285714285714,50.0
1080,-7.414285714285714,50.0
1081,-7.414285714285714,50.0
1082,-7.414285714285714,50.0
1083,-7.414285714285714,50.0
1084,-7.414285714285714,50.0
1085,-7.414285714285714,50.0
1086,-7.414285714285714,50.0
1087,-7.414285714285714,50.0
1088,-7.414285714285714,50.0
1089,-7.414285714285714,50.0
1090,-7.414285714285714,50.0
1091,-7.414285714285714,50.0
1092,-7.414285714285714,50.0
1093,-7.414285714285714,50.0
1094,-7.414285714285714,50.0
1095,-7.414285714285714,50.0
1096,-7.414285714285714,50.0
1097,-7.414285714285714,50.0
1098,-7.414285714285714,50.0
1099,-7.414285714285714,50.0
1100,-7.414285714285714,50.0
1101,-7.445454545454544,50.0
1102,-7.445454545454544,50.0
1103,-7.445454545454544,50.0
1104,-7.445454545454544,50.0
1105,-7.445454545454544,50.0
1106,-7.445454545454544,50.0
1107,-7.445454545454544,50.0
1108,-7.445454545454544,50.0
1109,-7.445454545454544,50.0
1110,-7.445454545454544,50.0
1111,-7.445454545454544,50.0
1112,-7.445454545454544,50.0
1113,-7.445454545454544,50.0
1114,-7.445454545454544,50.0
1115,-7.445454545454544,50.0
1116,-7.445454545454544,50.0
1117,-7.445454545454544,50.0
1118,-7.445454545454544,50.0
1119,-7.445454545454544,50.0
1120,-7.445454545454544,50.0
1121,-7.445454545454544,50.0
1122,-7.445454545454544,50.0
1123,-7.445454545454544,50.0
1124,-7.445454545454544,50.0
1125,-7.445454545454544,50.0
1126,-7.445454545454544,50.0
1127,-7.445454545454544,50.0
1128,-7.445454545454544,50.0
1129,-7.445454545454544,50.0
1130,-7.445454545454544,50.0
1131,-7.445454545454544,50.0
1132,-7.445454545454544,50.0
1133,-7.445454545454544,50.0
1134,-7.445454545454544,50.0
1135,-7.445454545454544,50.0
1136,-7.445454545454544,50.0
1137,-7.445454545454544,50.0
1138,-7.445454545454544,50.0
1139,-7.445454545454544,50.0
1140,-7.445454545454544,50.0
1141,-7.445454545454544,50.0
1142,-7.445454545454544,50.0
1143,-7.445454545454544,50.0
1144,-7.445454545454544,50.0
1145,-7.445454545454544,50.0
1146,-7.445454545454544,50.0
1147,-7.445454545454544,50.0
1148,-7.445454545454544,50.0
1149,-7.445454545454544,50.0
1150,-7.445454545454544,50.0
1151,-7.421739130434782,50.0
1152,-7.421739130434782,50.0
1153,-7.421739130434782,50.0
1154,-7.421739130434782,50.0
1155,-7.421739130434782,50.0
1156,-7.421739130434782,50.0
1157,-7.421739130434782,50.0
1158,-7.421739130434782,50.0
1159,-7.421739130434782,50.0
1160,-7.421739130434782,50.0
1161,-7.421739130434782,50.0
1162,-7.421739130434782,50.0
1163,-7.421739130434782,50.0
1164,-7.421739130434782,50.0
1165,-7.421739130434782,50.0
1166,-7.421739130434782,50.0
1167,-7.421739130434782,50.0
1168,-7.421739130434782,50.0
1169,-7.421739130434782,50.0
1170,-7.421739130434782,50.0
1171,-7.421739130434782,50.0
1172,-7.421739130434782,50.0
1173,-7.421739130434782,50.0
1174,-7.421739130434782,50.0
1175,-7.421739130434782,50.0
1176,-7.421739130434782,50.0
1177,-7.421739130434782,50.0
1178,-7.421739130434782,50.0
1179,-7.421739130434782,50.0
1180,-7.421739130434782,50.0
1181,-7.421739130434782,50.0
1182,-7.421739130434782,50.0
1183,-7.421739130434782,50.0
1184,-7.421739130434782,50.0
1185,-7.421739130434782,50.0
1186,-7.421739130434782,50.0
1187,-7.421739130434782,50.0
1188,-7.421739130434782,50.0
1189,-7.421739130434782,50.0
1190,-7.421739130434782,50.0
1191,-7.421739130434782,50.0
1192,-7.421739130434782,50.0
1193,-7.421739130434782,50.0
1194,-7.421739130434782,50.0
1195,-7.421739130434782,50.0
1196,-7.421739130434782,50.0
1197,-7.421739130434782,50.0
1198,-7.421739130434782,50.0
1199,-7.421739130434782,50.0
1200,-7.421739130434782,50.0
1201,-7.425,50.0
1202,-7.425,50.0
1203,-7.425,50.0
1204,-7.425,50.0
1205,-7.425,50.0
1206,-7.425,50.0
1207,-7.425,50.0
1208,-7.425,50.0
1209,-7.425,50.0
1210,-7.425,50.0
1211,-7.425,50.0
1212,-7.425,50.0
1213,-7.425,50.0
1214,-7.425,50.0
1215,-7.425,50.0
1216,-7.425,50.0
1217,-7.425,50.0
1218,-7.425,50.0
1219,-7.425,50.0
1220,-7.425,50.0
1221,-7.425,50.0
1222,-7.425,50.0
1223,-7.425,50.0
1224,-7.425,50.0
1225,-7.425,50.0
1226,-7.425,50.0
1227,-7.425,50.0
1228,-7.425,50.0
1229,-7.425,50.0
1230,-7.425,50.0
1231,-7.425,50.0
1232,-7.425,50.0
1233,-7.425,50.0
1234,-7.425,50.0
1235,-7.425,50.0
1236,-7.425,50.0
1237,-7.425,50.0
1238,-7.425,50.0
1239,-7.425,50.0
1240,-7.425,50.0
1241,-7.425,50.0
1242,-7.425,50.0
1243,-7.425,50.0
1244,-7.425,50.0
1245,-7.425,50.0
1246,-7.425,50.0
1247,-7.425,50.0
1248,-7.425,50.0
1249,-7.425,50.0
1250,-7.425,50.0
1251,-7.451999999999999,50.0
1252,-7.451999999999999,50.0
1253,-7.451999999999999,50.0
1254,-7.451999999999999,50.0
1255,-7.451999999999999,50.0
1256,-7.451999999999999,50.0
1257,-7.451999999999999,50.0
1258,-7.451999999999999,50.0
1259,-7.451999999999999,50.0
1260,-7.451999999999999,50.0
1261,-7.451999999999999,50.0
1262,-7.451999999999999,50.0
1263,-7.451999999999999,50.0
1264,-7.451999999999999,50.0
1265,-7.451999999999999,50.0
1266,-7.451999999999999,50.0
1267,-7.451999999999999,50.0
1268,-7.451999999999999,50.0
1269,-7.451999999999999,50.0
1270,-7.451999999999999,50.0
1271,-7.451999999999999,50.0
1272,-7.451999999999999,50.0
1273,-7.451999999999999,50.0
1274,-7.451999999999999,50.0
1275,-7.451999999999999,50.0
1276,-7.451999999999999,50.0
1277,-7.451999999999999,50.0
1278,-7.451999999999999,50.0
1279,-7.451999999999999,50.0
1280,-7.451999999999999,50.0
1281,-7.451999999999999,50.0
1282,-7.451999999999999,50.0
1283,-7.451999999999999,50.0
1284,-7.451999999999999,50.0
1285,-7.451999999999999,50.0
1286,-7.451999999999999,50.0
1287,-7.451999999999999,50.0
1288,-7.451999999999999,50.0
1289,-7.451999999999999,50.0
1290,-7.451999999999999,50.0
1291,-7.451999999999999,50.0
1292,-7.451999999999999,50.0
1293,-7.451999999999999,50.0
1294,-7.451999999999999,50.0
1295,-7.451999999999999,50.0
1296,-7.451999999999999,50.0
1297,-7.451999999999999,50.0
1298,-7.451999999999999,50.0
1299,-7.451999999999999,50.0
1300,-7.451999999999999,50.0
1301,-7.43076923076923,50.0
1302,-7.43076923076923,50.0
1303,-7.43076923076923,50.0
1304,-7.43076923076923,50.0
1305,-7.43076923076923,50.0
1306,-7.43076923076923,50.0
1307,-7.43076923076923,50.0
1308,-7.43076923076923,50.0
1309,-7.43076923076923,50.0
1310,-7.43076923076923,50.0
1311,-7.43076923076923,50.0
1312,-7.43076923076923,50.0
1313,-7.43076923076923,50.0
1314,-7.43076923076923,50.0
1315,-7.43076923076923,50.0
1316,-7.43076923076923,50.0
1317,-7.43076923076923,50.0
1318,-7.43076923076923,50.0
1319,-7.43076923076923,50.0
1320,-7.43076923076923,50.0
1321,-7.43076923076923,50.0
1322,-7.43076923076923,50.0
1323,-7.43076923076923,50.0
1324,-7.43076923076923,50.0
1325,-7.43076923076923,50.0
1326,-7.43076923076923,50.0
1327,-7.43076923076923,50.0
1328,-7.43076923076923,50.0
1329,-7.43076923076923,50.0
1330,-7.43076923076923,50.0
1331,-7.43076923076923,50.0
1332,-7.43076923076923,50.0
1333,-7.43076923076923,50.0
1334,-7.43076923076923,50.0
1335,-7.43076923076923,50.0
1336,-7.43076923076923,50.0
1337,-7.43076923076923,50.0
1338,-7.43076923076923,50.0
1339,-7.43076923076923,50.0
1340,-7.43076923076923,50.0
1341,-7.43076923076923,50.0
1342,-7.43076923076923,50.0
1343,-7.43076923076923,50.0
1344,-7.43076923076923,50.0
1345,-7.43076923076923,50.0
1346,-7.43076923076923,50.0
1347,-7.43076923076923,50.0
1348,-7.43076923076923,50.0
1349,-7.43076923076923,50.0
1350,-7.43076923076923,50.0
1351,-7.477777777777777,50.0
1352,-7.477777777777777,50.0
1353,-7.477777777777777,50.0
1354,-7.477777777777777,50.0
1355,-7.477777777777777,50.0
1356,-7.477777777777777,50.0
1357,-7.477777777777777,50.0
1358,-7.477777777777777,50.0
1359,-7.477777777777777,50.0
1360,-7.477777777777777,50.0
1361,-7.477777777777777,50.0
1362,-7.477777777777777,50.0
1363,-7.477777777777777,50.0
1364,-7.477777777777777,50.0
1365,-7.477777777777777,50.0
1366,-7.477777777777777,50.0
1367,-7.477777777777777,50.0
1368,-7.477777777777777,50.0
1369,-7.477777777777777,50.0
1370,-7.477777777777777,50.0
1371,-7.477777777777777,50.0
1372,-7.477777777777777,50.0
1373,-7.477777777777777,50.0
1374,-7.477777777777777,50.0
1375,-7.477777777777777,50.0
1376,-7.477777777777777,50.0
1377,-7.477777777777777,50.0
1378,-7.477777777777777,50.0
1379,-7.477777777777777,50.0
1380,-7.477777777777777,50.0
1381,-7.477777777777777,50.0
1382,-7.477777777777777,50.0
1383,-7.477777777777777,50.0
1384,-7.477777777777777,50.0
1385,-7.477777777777777,50.0
1386,-7.477777777777777,50.0
1387,-7.477777777777777,50.0
1388,-7.477777777777777,50.0
1389,-7.477777777777777,50.0
1390,-7.477777777777777,50.0
1391,-7.477777777777777,50.0
1392,-7.477777777777777,50.0
1393,-7.477777777777777,50.0
1394,-7.477777777777777,50.0
1395,-7.477777777777777,50.0
1396,-7.477777777777777,50.0
1397,-7.477777777777777,50.0
1398,-7.477777777777777,50.0
1399,-7.477777777777777,50.0
1400,-7.477777777777777,50.0
1401,-7.478571428571428,50.0
1402,-7.478571428571428,50.0
1403,-7.478571428571428,50.0
1404,-7.478571428571428,50.0
1405,-7.478571428571428,50.0
1406,-7.478571428571428,50.0
1407,-7.478571428571428,50.0
1408,-7.478571428571428,50.0
1409,-7.478571428571428,50.0
1410,-7.478571428571428,50.0
1411,-7.478571428571428,50.0
1412,-7.478571428571428,50.0
1413,-7.478571428571428,50.0
1414,-7.478571428571428,50.0
1415,-7.478571428571428,50.0
1416,-7.478571428571428,50.0
1417,-7.478571428571428,50.0
1418,-7.478571428571428,50.0
1419,-7.478571428571428,50.0
1420,-7.478571428571428,50.0
1421,-7.478571428571428,50.0
1422,-7.478571428571428,50.0
1423,-7.478571428571428,50.0
1424,-7.478571428571428,50.0
1425,-7.478571428571428,50.0
1426,-7.478571428571428,50.0
1427,-7.478571428571428,50.0
1428,-7.478571428571428,50.0
1429,-7.478571428571428,50.0
1430,-7.478571428571428,50.0
1431,-7.478571428571428,50.0
1432,-7.478571428571428,50.0
1433,-7.478571428571428,50.0
1434,-7.478571428571428,50.0
1435,-7.478571428571428,50.0
1436,-7.478571428571428,50.0
1437,-7.478571428571428,50.0
1438,-7.478571428571428,50.0
1439,-7.478571428571428,50.0
1440,-7.478571428571428,50.0
1441,-7.478571428571428,50.0
1442,-7.478571428571428,50.0
1443,-7.478571428571428,50.0
1444,-7.478571428571428,50.0
1445,-7.478571428571428,50.0
1446,-7.478571428571428,50.0
1447,-7.478571428571428,50.0
1448,-7.478571428571428,50.0
1449,-7.478571428571428,50.0
1450,-7.478571428571428,50.0
1451,-7.479310344827585,50.0
1452,-7.479310344827585,50.0
1453,-7.479310344827585,50.0
1454,-7.479310344827585,50.0
1455,-7.479310344827585,50.0
1456,-7.479310344827585,50.0
1457,-7.479310344827585,50.0
1458,-7.479310344827585,50.0
1459,-7.479310344827585,50.0
1460,-7.479310344827585,50.0
1461,-7.479310344827585,50.0
1462,-7.479310344827585,50.0
1463,-7.479310344827585,50.0
1464,-7.479310344827585,50.0
1465,-7.479310344827585,50.0
1466,-7.479310344827585,50.0
1467,-7.479310344827585,50.0
1468,-7.479310344827585,50.0
1469,-7.479310344827585,50.0
1470,-7.479310344827585,50.0
1471,-7.479310344827585,50.0
1472,-7.479310344827585,50.0
1473,-7.479310344827585,50.0
1474,-7.479310344827585,50.0
1475,-7.479310344827585,50.0
1476,-7.479310344827585,50.0
1477,-7.479310344827585,50.0
1478,-7.479310344827585,50.0
1479,-7.479310344827585,50.0
1480,-7.479310344827585,50.0
1481,-7.479310344827585,50.0
1482,-7.479310344827585,50.0
1483,-7.479310344827585,50.0
1484,-7.479310344827585,50.0
1485,-7.479310344827585,50.0
1486,-7.479310344827585,50.0
1487,-7.479310344827585,50.0
1488,-7.479310344827585,50.0
1489,-7.479310344827585,50.0
1490,-7.479310344827585,50.0
1491,-7.479310344827585,50.0
1492,-7.479310344827585,50.0
1493,-7.479310344827585,50.0
1494,-7.479310344827585,50.0
1495,-7.479310344827585,50.0
1496,-7.479310344827585,50.0
1497,-7.479310344827585,50.0
1498,-7.479310344827585,50.0
1499,-7.479310344827585,50.0
1500,-7.479310344827585,50.0
1501,-7.4399999999999995,50.0
1502,-7.4399999999999995,50.0
1503,-7.4399999999999995,50.0
1504,-7.4399999999999995,50.0
1505,-7.4399999999999995,50.0
1506,-7.4399999999999995,50.0
1507,-7.4399999999999995,50.0
1508,-7.4399999999999995,50.0
1509,-7.4399999999999995,50.0
1510,-7.4399999999999995,50.0
1511,-7.4399999999999995,50.0
1512,-7.4399999999999995,50.0
1513,-7.4399999999999995,50.0
1514,-7.4399999999999995,50.0
1515,-7.4399999999999995,50.0
1516,-7.4399999999999995,50.0
1517,-7.4399999999999995,50.0
1518,-7.4399999999999995,50.0
1519,-7.4399999999999995,50.0
1520,-7.4399999999999995,50.0
1521,-7.4399999999999995,50.0
1522,-7.4399999999999995,50.0
1523,-7.4399999999999995,50.0
1524,-7.4399999999999995,50.0
1525,-7.4399999999999995,50.0
1526,-7.4399999999999995,50.0
1527,-7.4399999999999995,50.0
1528,-7.4399999999999995,50.0
1529,-7.4399999999999995,50.0
1530,-7.4399999999999995,50.0
1531,-7.4399999999999995,50.0
1532,-7.4399999999999995,50.0
1533,-7.4399999999999995,50.0
1534,-7.4399999999999995,50.0
1535,-7.4399999999999995,50.0
1536,-7.4399999999999995,50.0
1537,-7.4399999999999995,50.0
1538,-7.4399999999999995,50.0
1539,-7.4399999999999995,50.0
1540,-7.4399999999999995,50.0
1541,-7.4399999999999995,50.0
1542,-7.4399999999999995,50.0
1543,-7.4399999999999995,50.0
1544,-7.4399999999999995,50.0
1545,-7.4399999999999995,50.0
1546,-7.4399999999999995,50.0
1547,-7.4399999999999995,50.0
1548,-7.4399999999999995,50.0
1549,-7.4399999999999995,50.0
1550,-7.4399999999999995,50.0
1551,-7.461290322580645,50.0
1552,-7.461290322580645,50.0
1553,-7.461290322580645,50.0
1554,-7.461290322580645,50.0
1555,-7.461290322580645,50.0
1556,-7.461290322580645,50.0
1557,-7.461290322580645,50.0
1558,-7.461290322580645,50.0
1559,-7.461290322580645,50.0
1560,-7.461290322580645,50.0
1561,-7.461290322580645,50.0
1562,-7.461290322580645,50.0
1563,-7.461290322580645,50.0
1564,-7.461290322580645,50.0
1565,-7.461290322580645,50.0
1566,-7.461290322580645,50.0
1567,-7.461290322580645,50.0
1568,-7.461290322580645,50.0
1569,-7.461290322580645,50.0
1570,-7.461290322580645,50.0
1571,-7.461290322580645,50.0
1572,-7.461290322580645,50.0
1573,-7.461290322580645,50.0
1574,-7.461290322580645,50.0
1575,-7.461290322580645,50.0
1576,-7.461290322580645,50.0
1577,-7.461290322580645,50.0
1578,-7.461290322580645,50.0
1579,-7.461290322580645,50.0
1580,-7.461290322580645,50.0
1581,-7.461290322580645,50.0
1582,-7.461290322580645,50.0
1583,-7.461290322580645,50.0
1584,-7.461290322580645,50.0
1585,-7.461290322580645,50.0
1586,-7.461290322580645,50.0
1587,-7.461290322580645,50.0
1588,-7.461290322580645,50.0
1589,-7.461290322580645,50.0
1590,-7.461290322580645,50.0
1591,-7.461290322580645,50.0
1592,-7.461290322580645,50.0
1593,-7.461290322580645,50.0
1594,-7.461290322580645,50.0
1595,-7.461290322580645,50.0
1596,-7.461290322580645,50.0
1597,-7.461290322580645,50.0
1598,-7.461290322580645,50.0
1599,-7.461290322580645,50.0
1600,-7.461290322580645,50.0
1601,-7.425,50.0
1602,-7.425,50.0
1603,-7.425,50.0
1604,-7.425,50.0
1605,-7.425,50.0
1606,-7.425,50.0
1607,-7.425,50.0
1608,-7.425,50.0
1609,-7.425,50.0
1610,-7.425,50.0
1611,-7.425,50.0
1612,-7.425,50.0
1613,-7.425,50.0
1614,-7.425,50.0
1615,-7.425,50.0
1616,-7.425,50.0
1617,-7.425,50.0
1618,-7.425,50.0
1619,-7.425,50.0
1620,-7.425,50.0
1621,-7.425,50.0
1622,-7.425,50.0
1623,-7.425,50.0
1624,-7.425,50.0
1625,-7.425,50.0
1626,-7.425,50.0
1627,-7.425,50.0
1628,-7.425,50.0
1629,-7.425,50.0
1630,-7.425,50.0
1631,-7.425,50.0
1632,-7.425,50.0
1633,-7.425,50.0
1634,-7.425,50.0
1635,-7.425,50.0
1636,-7.425,50.0
1637,-7.425,50.0
1638,-7.425,50.0
1639,-7.425,50.0
1640,-7.425,50.0
1641,-7.425,50.0
1642,-7.425,50.0
1643,-7.425,50.0
1644,-7.425,50.0
1645,-7.425,50.0
1646,-7.425,50.0
1647,-7.425,50.0
1648,-7.425,50.0
1649,-7.425,50.0
1650,-7.425,50.0
1651,-7.445454545454545,50.0
1652,-7.445454545454545,50.0
1653,-7.445454545454545,50.0
1654,-7.445454545454545,50.0
1655,-7.445454545454545,50.0
1656,-7.445454545454545,50.0
1657,-7.445454545454545,50.0
1658,-7.445454545454545,50.0
1659,-7.445454545454545,50.0
1660,-7.445454545454545,50.0
1661,-7.445454545454545,50.0
1662,-7.445454545454545,50.0
1663,-7.445454545454545,50.0
1664,-7.445454545454545,50.0
1665,-7.445454545454545,50.0
1666,-7.445454545454545,50.0
1667,-7.445454545454545,50.0
1668,-7.445454545454545,50.0
1669,-7.445454545454545,50.0
1670,-7.445454545454545,50.0
1671,-7.445454545454545,50.0
1672,-7.445454545454545,50.0
1673,-7.445454545454545,50.0
1674,-7.445454545454545,50.0
1675,-7.445454545454545,50.0
1676,-7.445454545454545,50.0
1677,-7.445454545454545,50.0
1678,-7.445454545454545,50.0
1679,-7.445454545454545,50.0
1680,-7.445454545454545,50.0
1681,-7.445454545454545,50.0
1682,-7.445454545454545,50.0
1683,-7.445454545454545,50.0
1684,-7.445454545454545,50.0
1685,-7.445454545454545,50.0
1686,-7.445454545454545,50.0
1687,-7.445454545454545,50.0
1688,-7.445454545454545,50.0
1689,-7.445454545454545,50.0
1690,-7.445454545454545,50.0
1691,-7.445454545454545,50.0
1692,-7.445454545454545,50.0
1693,-7.445454545454545,50.0
1694,-7.445454545454545,50.0
1695,-7.445454545454545,50.0
1696,-7.445454545454545,50.0
1697,-7.445454545454545,50.0
1698,-7.445454545454545,50.0
1699,-7.445454545454545,50.0
1700,-7.445454545454545,50.0
1701,-7.447058823529411,50.0
1702,-7.447058823529411,50.0
1703,-7.447058823529411,50.0
1704,-7.447058823529411,50.0
1705,-7.447058823529411,50.0
1706,-7.447058823529411,50.0
1707,-7.447058823529411,50.0
1708,-7.447058823529411,50.0
1709,-7.447058823529411,50.0
1710,-7.447058823529411,50.0
1711,-7.447058823529411,50.0
1712,-7.447058823529411,50.0
1713,-7.447058823529411,50.0
1714,-7.447058823529411,50.0
1715,-7.447058823529411,50.0
1716,-7.447058823529411,50.0
1717,-7.447058823529411,50.0
1718,-7.447058823529411,50.0
1719,-7.447058823529411,50.0
1720,-7.447058823529411,50.0
1721,-7.447058823529411,50.0
1722,-7.447058823529411,50.0
1723,-7.447058823529411,50.0
1724,-7.447058823529411,50.0
1725,-7.447058823529411,50.0
1726,-7.447058823529411,50.0
1727,-7.447058823529411,50.0
1728,-7.447058823529411,50.0
1729,-7.447058823529411,50.0
1730,-7.447058823529411,50.0
1731,-7.447058823529411,50.0
1732,-7.447058823529411,50.0
1733,-7.447058823529411,50.0
1734,-7.447058823529411,50.0
1735,-7.447058823529411,50.0
1736,-7.447058823529411,50.0
1737,-7.447058823529411,50.0
1738,-7.447058823529411,50.0
1739,-7.447058823529411,50.0
1740,-7.447058823529411,50.0
1741,-7.447058823529411,50.0
1742,-7.447058823529411,50.0
1743,-7.447058823529411,50.0
1744,-7.447058823529411,50.0
1745,-7.447058823529411,50.0
1746,-7.447058823529411,50.0
1747,-7.447058823529411,50.0
1748,-7.447058823529411,50.0
1749,-7.447058823529411,50.0
1750,-7.447058823529411,50.0
1751,-7.448571428571428,50.0
1752,-7.448571428571428,50.0
1753,-7.448571428571428,50.0
1754,-7.448571428571428,50.0
1755,-7.448571428571428,50.0
1756,-7.448571428571428,50.0
1757,-7.448571428571428,50.0
1758,-7.448571428571428,50.0
1759,-7.448571428571428,50.0
1760,-7.448571428571428,50.0
1761,-7.448571428571428,50.0
1762,-7.448571428571428,50.0
1763,-7.448571428571428,50.0
1764,-7.448571428571428,50.0
1765,-7.448571428571428,50.0
1766,-7.448571428571428,50.0
1767,-7.448571428571428,50.0
1768,-7.448571428571428,50.0
1769,-7.448571428571428,50.0
1770,-7.448571428571428,50.0
1771,-7.448571428571428,50.0
1772,-7.448571428571428,50.0
1773,-7.448571428571428,50.0
1774,-7.448571428571428,50.0
1775,-7.448571428571428,50.0
1776,-7.448571428571428,50.0
1777,-7.448571428571428,50.0
1778,-7.448571428571428,50.0
1779,-7.448571428571428,50.0
1780,-7.448571428571428,50.0
1781,-7.448571428571428,50.0
1782,-7.448571428571428,50.0
1783,-7.448571428571428,50.0
1784,-7.448571428571428,50.0
1785,-7.448571428571428,50.0
1786,-7.448571428571428,50.0
1787,-7.448571428571428,50.0
1788,-7.448571428571428,50.0
1789,-7.448571428571428,50.0
1790,-7.448571428571428,50.0
1791,-7.448571428571428,50.0
1792,-7.448571428571428,50.0
1793,-7.448571428571428,50.0
1794,-7.448571428571428,50.0
1795,-7.448571428571428,50.0
1796,-7.448571428571428,50.0
1797,-7.448571428571428,50.0
1798,-7.448571428571428,50.0
1799,-7.448571428571428,50.0
1800,-7.448571428571428,50.0
1801,-7.416666666666667,50.0
1802,-7.416666666666667,50.0
1803,-7.416666666666667,50.0
1804,-7.416666666666667,50.0
1805,-7.416666666666667,50.0
1806,-7.416666666666667,50.0
1807,-7.416666666666667,50.0
1808,-7.416666666666667,50.0
1809,-7.416666666666667,50.0
1810,-7.416666666666667,50.0
1811,-7.416666666666667,50.0
1812,-7.416666666666667,50.0
1813,-7.416666666666667,50.0
1814,-7.416666666666667,50.0
1815,-7.416666666666667,50.0
1816,-7.416666666666667,50.0
1817,-7.416666666666667,50.0
1818,-7.416666666666667,50.0
1819,-7.416666666666667,50.0
1820,-7.416666666666667,50.0
1821,-7.416666666666667,50.0
1822,-7.416666666666667,50.0
1823,-7.416666666666667,50.0
1824,-7.416666666666667,50.0
1825,-7.416666666666667,50.0
1826,-7.416666666666667,50.0
1827,-7.416666666666667,50.0
1828,-7.416666666666667,50.0
1829,-7.416666666666667,50.0
1830,-7.416666666666667,50.0
1831,-7.416666666666667,50.0
1832,-7.416666666666667,50.0
1833,-7.416666666666667,50.0
1834,-7.416666666666667,50.0
1835,-7.416666666666667,50.0
1836,-7.416666666666667,50.0
1837,-7.416666666666667,50.0
1838,-7.416666666666667,50.0
1839,-7.416666666666667,50.0
1840,-7.416666666666667,50.0
1841,-7.416666666666667,50.0
1842,-7.416666666666667,50.0
1843,-7.416666666666667,50.0
1844,-7.416666666666667,50.0
1845,-7.416666666666667,50.0
1846,-7.416666666666667,50.0
1847,-7.416666666666667,50.0
1848,-7.416666666666667,50.0
1849,-7.416666666666667,50.0
1850,-7.416666666666667,50.0
1851,-7.418918918918919,50.0
1852,-7.418918918918919,50.0
1853,-7.418918918918919,50.0
1854,-7.418918918918919,50.0
1855,-7.418918918918919,50.0
1856,-7.418918918918919,50.0
1857,-7.418918918918919,50.0
1858,-7.418918918918919,50.0
1859,-7.418918918918919,50.0
1860,-7.418918918918919,50.0
1861,-7.418918918918919,50.0
1862,-7.418918918918919,50.0
1863,-7.418918918918919,50.0
1864,-7.418918918918919,50.0
1865,-7.418918918918919,50.0
1866,-7.418918918918919,50.0
1867,-7.418918918918919,50.0
1868,-7.418918918918919,50.0
1869,-7.418918918918919,50.0
1870,-7.418918918918919,50.0
1871,-7.418918918918919,50.0
1872,-7.418918918918919,50.0
1873,-7.418918918918919,50.0
1874,-7.418918918918919,50.0
1875,-7.418918918918919,50.0
1876,-7.418918918918919,50.0
1877,-7.418918918918919,50.0
1878,-7.418918918918919,50.0
1879,-7.418918918918919,50.0
1880,-7.418918918918919,50.0
1881,-7.418918918918919,50.0
1882,-7.418918918918919,50.0
1883,-7.418918918918919,50.0
1884,-7.418918918918919,50.0
1885,-7.418918918918919,50.0
1886,-7.418918918918919,50.0
1887,-7.418918918918919,50.0
1888,-7.418918918918919,50.0
1889,-7.418918918918919,50.0
1890,-7.418918918918919,50.0
1891,-7.418918918918919,50.0
1892,-7.418918918918919,50.0
1893,-7.418918918918919,50.0
1894,-7.418918918918919,50.0
1895,-7.418918918918919,50.0
1896,-7.418918918918919,50.0
1897,-7.418918918918919,50.0
1898,-7.418918918918919,50.0
1899,-7.418918918918919,50.0
1900,-7.418918918918919,50.0
1901,-7.389473684210526,50.0
1902,-7.389473684210526,50.0
1903,-7.389473684210526,50.0
1904,-7.389473684210526,50.0
1905,-7.389473684210526,50.0
1906,-7.389473684210526,50.0
1907,-7.389473684210526,50.0
1908,-7.389473684210526,50.0
1909,-7.389473684210526,50.0
1910,-7.389473684210526,50.0
1911,-7.389473684210526,50.0
1912,-7.389473684210526,50.0
1913,-7.389473684210526,50.0
1914,-7.389473684210526,50.0
1915,-7.389473684210526,50.0
1916,-7.389473684210526,50.0
1917,-7.389473684210526,50.0
1918,-7.389473684210526,50.0
1919,-7.389473684210526,50.0
1920,-7.389473684210526,50.0
1921,-7.389473684210526,50.0
1922,-7.389473684210526,50.0
1923,-7.389473684210526,50.0
1924,-7.389473684210526,50.0
1925,-7.389473684210526,50.0
1926,-7.389473684210526,50.0
1927,-7.389473684210526,50.0
1928,-7.389473684210526,50.0
1929,-7.389473684210526,50.0
1930,-7.389473684210526,50.0
1931,-7.389473684210526,50.0
1932,-7.389473684210526,50.0
1933,-7.389473684210526,50.0
1934,-7.389473684210526,50.0
1935,-7.389473684210526,50.0
1936,-7.389473684210526,50.0
1937,-7.389473684210526,50.0
1938,-7.389473684210526,50.0
1939,-7.389473684210526,50.0
1940,-7.389473684210526,50.0
1941,-7.389473684210526,50.0
1942,-7.389473684210526,50.0
1943,-7.389473684210526,50.0
1944,-7.389473684210526,50.0
1945,-7.389473684210526,50.0
1946,-7.389473684210526,50.0
1947,-7.389473684210526,50.0
1948,-7.389473684210526,50.0
1949,-7.389473684210526,50.0
1950,-7.389473684210526,50.0
1951,-7.423076923076923,50.0
1952,-7.423076923076923,50.0
1953,-7.423076923076923,50.0
1954,-7.423076923076923,50.0
1955,-7.423076923076923,50.0
1956,-7.423076923076923,50.0
1957,-7.423076923076923,50.0
1958,-7.423076923076923,50.0
1959,-7.423076923076923,50.0
1960,-7.423076923076923,50.0
1961,-7.423076923076923,50.0
1962,-7.423076923076923,50.0
1963,-7.423076923076923,50.0
1964,-7.423076923076923,50.0
1965,-7.423076923076923,50.0
1966,-7.423076923076923,50.0
1967,-7.423076923076923,50.0
1968,-7.423076923076923,50.0
1969,-7.423076923076923,50.0
1970,-7.423076923076923,50.0
1971,-7.423076923076923,50.0
1972,-7.423076923076923,50.0
1973,-7.423076923076923,50.0
1974,-7.423076923076923,50.0
1975,-7.423076923076923,50.0
1976,-7.423076923076923,50.0
1977,-7.423076923076923,50.0
1978,-7.423076923076923,50.0
1979,-7.423076923076923,50.0
1980,-7.423076923076923,50.0
1981,-7.423076923076923,50.0
1982,-7.423076923076923,50.0
1983,-7.423076923076923,50.0
1984,-7.423076923076923,50.0
1985,-7.423076923076923,50.0
1986,-7.423076923076923,50.0
1987,-7.423076923076923,50.0
1988,-7.423076923076923,50.0
1989,-7.423076923076923,50.0
1990,-7.423076923076923,50.0
1991,-7.423076923076923,50.0
1992,-7.423076923076923,50.0
1993,-7.423076923076923,50.0
1994,-7.423076923076923,50.0
1995,-7.423076923076923,50.0
1996,-7.423076923076923,50.0
1997,-7.423076923076923,50.0
1998,-7.423076923076923,50.0
1999,-7.423076923076923,50.0
2000,-7.423076923076923,50.0
2001,-7.38,50.0
2002,-7.38,50.0
2003,-7.38,50.0
2004,-7.38,50.0
2005,-7.38,50.0
2006,-7.38,50.0
2007,-7.38,50.0
2008,-7.38,50.0
2009,-7.38,50.0
2010,-7.38,50.0
2011,-7.38,50.0
2012,-7.38,50.0
2013,-7.38,50.0
2014,-7.38,50.0
2015,-7.38,50.0
2016,-7.38,50.0
2017,-7.38,50.0
2018,-7.38,50.0
2019,-7.38,50.0
2020,-7.38,50.0
2021,-7.38,50.0
2022,-7.38,50.0
2023,-7.38,50.0
2024,-7.38,50.0
2025,-7.38,50.0
2026,-7.38,50.0
2027,-7.38,50.0
2028,-7.38,50.0
2029,-7.38,50.0
2030,-7.38,50.0
2031,-7.38,50.0
2032,-7.38,50.0
2033,-7.38,50.0
2034,-7.38,50.0
2035,-7.38,50.0
2036,-7.38,50.0
2037,-7.38,50.0
2038,-7.38,50.0
2039,-7.38,50.0
2040,-7.38,50.0
2041,-7.38,50.0
2042,-7.38,50.0
2043,-7.38,50.0
2044,-7.38,50.0
2045,-7.38,50.0
2046,-7.38,50.0
2047,-7.38,50.0
2048,-7.38,50.0
